app_label,model_name,verbose_name_plural,field_name,verbose_name,field_type,null,blank,max_length,choices,related_model,related_name,relation_type,help_text
admin,LogEntry,Log Entries,,,,,,,,,,,
admin,LogEntry,Log Entries,action_time,Action Time,DateTimeField,False,False,,,,,,
admin,LogEntry,Log Entries,user,User,ForeignKey,False,False,,,User,,ForeignKey,
admin,LogEntry,Log Entries,content_type,Content Type,ForeignKey,True,True,,,ContentType,,ForeignKey,
admin,LogEntry,Log Entries,object_id,Object Id,TextField,True,True,,,,,,
admin,LogEntry,Log Entries,object_repr,Object Repr,CharField,False,False,200,,,,,
admin,LogEntry,Log Entries,action_flag,Action Flag,PositiveSmallIntegerField,False,False,,1: Addition | 2: Change | 3: Deletion,,,,
admin,LogEntry,Log Entries,change_message,Change Message,TextField,False,True,,,,,,
auth,Permission,Permissions,,,,,,,,,,,
auth,Permission,Permissions,name,Name,CharField,False,False,255,,,,,
auth,Permission,Permissions,content_type,Content Type,ForeignKey,False,False,,,ContentType,,ForeignKey,
auth,Permission,Permissions,codename,Codename,CharField,False,False,100,,,,,
auth,Group,Groups,,,,,,,,,,,
auth,Group,Groups,name,Name,CharField,False,False,150,,,,,
auth,Group,Groups,permissions,Permissions,ManyToManyField,False,True,,,Permission,,ManyToManyField,
auth,User,Users,,,,,,,,,,,
auth,User,Users,password,Password,CharField,False,False,128,,,,,
auth,User,Users,last_login,Last Login,DateTimeField,True,True,,,,,,
auth,User,Users,is_superuser,Superuser Status,BooleanField,False,False,,,,,,Designates that this user has all permissions without explicitly assigning them.
auth,User,Users,username,Username,CharField,False,False,150,,,,,"Required. 150 characters or fewer. Letters, digits and @/./+/-/_ only."
auth,User,Users,first_name,First Name,CharField,False,True,150,,,,,
auth,User,Users,last_name,Last Name,CharField,False,True,150,,,,,
auth,User,Users,email,Email Address,CharField,False,True,254,,,,,
auth,User,Users,is_staff,Staff Status,BooleanField,False,False,,,,,,Designates whether the user can log into this admin site.
auth,User,Users,is_active,Active,BooleanField,False,False,,,,,,Designates whether this user should be treated as active. Unselect this instead of deleting accounts.
auth,User,Users,date_joined,Date Joined,DateTimeField,False,False,,,,,,
auth,User,Users,groups,Groups,ManyToManyField,False,True,,,Group,,ManyToManyField,The groups this user belongs to. A user will get all permissions granted to each of their groups.
auth,User,Users,user_permissions,User Permissions,ManyToManyField,False,True,,,Permission,,ManyToManyField,Specific permissions for this user.
contenttypes,ContentType,Content Types,,,,,,,,,,,
contenttypes,ContentType,Content Types,app_label,App Label,CharField,False,False,100,,,,,
contenttypes,ContentType,Content Types,model,Python Model Class Name,CharField,False,False,100,,,,,
sessions,Session,Sessions,,,,,,,,,,,
sessions,Session,Sessions,session_key,Session Key,CharField,False,False,40,,,,,
sessions,Session,Sessions,session_data,Session Data,TextField,False,False,,,,,,
sessions,Session,Sessions,expire_date,Expire Date,DateTimeField,False,False,,,,,,
indexerapp,DecorationTypes,Decoration Types,,,,,,,,,,,
indexerapp,DecorationTypes,Decoration Types,name,Name,CharField,False,False,128,,,,,
indexerapp,DecorationTypes,Decoration Types,parent_type,Parent Type,ForeignKey,True,True,,,DecorationTypes,,ForeignKey,
indexerapp,DecorationTechniques,Decoration Techniques,,,,,,,,,,,
indexerapp,DecorationTechniques,Decoration Techniques,name,Name,CharField,False,False,128,,,,,
indexerapp,Characteristics,Characteristics,,,,,,,,,,,
indexerapp,Characteristics,Characteristics,name,Name,CharField,False,False,128,,,,,
indexerapp,Subjects,Subjects,,,,,,,,,,,
indexerapp,Subjects,Subjects,name,Name,CharField,False,False,128,,,,,
indexerapp,Colours,Colours,,,,,,,,,,,
indexerapp,Colours,Colours,name,Name,CharField,False,False,128,,,,,
indexerapp,Colours,Colours,rgb,Rgb,CharField,True,True,8,,,,,
indexerapp,Colours,Colours,parent_colour,Parent Colour,ForeignKey,True,True,,,Colours,,ForeignKey,
indexerapp,FeastRanks,Feast Ranks,,,,,,,,,,,
indexerapp,FeastRanks,Feast Ranks,name,Name,CharField,False,False,128,,,,,
indexerapp,Calendar,Calendar,,,,,,,,,,,
indexerapp,Calendar,Calendar,manuscript,Manuscript,ForeignKey,False,False,,,Manuscripts,,ForeignKey,
indexerapp,Calendar,Calendar,where_in_ms_from,Where In Ms From,CharField,False,False,32,,,,,
indexerapp,Calendar,Calendar,where_in_ms_to,Where In Ms To,CharField,True,True,32,,,,,
indexerapp,Calendar,Calendar,digital_page_number,Digital Page Number,PositiveIntegerField,True,True,,,,,,
indexerapp,Calendar,Calendar,rubric_name_standarized,Rite Name Standarized,ForeignKey,True,True,,,RiteNames,,ForeignKey,
indexerapp,Calendar,Calendar,content,Content (If Present),ForeignKey,True,True,,,Content,,ForeignKey,
indexerapp,Calendar,Calendar,month,Month,IntegerField,True,True,,,,,,
indexerapp,Calendar,Calendar,day,Day,IntegerField,True,True,,,,,,
indexerapp,Calendar,Calendar,latin_name,Latin Name Of The Date From Ms,CharField,False,False,128,,,,,
indexerapp,Calendar,Calendar,feast_name,Feast Name,CharField,False,False,128,,,,,
indexerapp,Calendar,Calendar,feast_rank,Rank Of The Feast,ForeignKey,False,False,,,FeastRanks,,ForeignKey,
indexerapp,Calendar,Calendar,rubricated,Rubricated,BooleanField,True,True,,,,,,
indexerapp,Calendar,Calendar,littera_dominicalis,Littera Dominicalis,CharField,False,False,2,,,,,
indexerapp,Calendar,Calendar,aureus_numerus,Aureus Numerus,IntegerField,True,True,,,,,,
indexerapp,Calendar,Calendar,aureus_numerus_roman,Aureus Numerus Roman,CharField,True,True,20,,,,,
indexerapp,Calendar,Calendar,other_remarks,Other Remarks From Ms,CharField,True,True,128,,,,,
indexerapp,Calendar,Calendar,original,Original,BooleanField,True,True,,,,,,
indexerapp,Calendar,Calendar,date_of_the_addition,Date Of The Addition,ForeignKey,True,True,,,TimeReference,,ForeignKey,
indexerapp,Calendar,Calendar,comments,Comments,TextField,True,True,,,,,,
indexerapp,Calendar,Calendar,entry_date,Entry Date,DateTimeField,False,True,,,,,,
indexerapp,Calendar,Calendar,data_contributor,Data Contributor,ForeignKey,True,True,,,Contributors,,ForeignKey,
indexerapp,Calendar,Calendar,authors,Authors,ManyToManyField,False,True,,,Contributors,,ManyToManyField,
indexerapp,DecorationSubjects,Decoration Subjects,,,,,,,,,,,
indexerapp,DecorationSubjects,Decoration Subjects,decoration,Decoration,ForeignKey,False,False,,,Decoration,,ForeignKey,
indexerapp,DecorationSubjects,Decoration Subjects,subject,Subject,ForeignKey,False,False,,,Subjects,,ForeignKey,
indexerapp,DecorationColours,Decoration Colours,,,,,,,,,,,
indexerapp,DecorationColours,Decoration Colours,decoration,Decoration,ForeignKey,False,False,,,Decoration,,ForeignKey,
indexerapp,DecorationColours,Decoration Colours,colour,Colour,ForeignKey,False,False,,,Colours,,ForeignKey,
indexerapp,DecorationCharacteristics,Decoration Characteristics,,,,,,,,,,,
indexerapp,DecorationCharacteristics,Decoration Characteristics,decoration,Decoration,ForeignKey,False,False,,,Decoration,,ForeignKey,
indexerapp,DecorationCharacteristics,Decoration Characteristics,characteristics,Characteristics,ForeignKey,False,False,,,Characteristics,,ForeignKey,
indexerapp,Decoration,Decoration,,,,,,,,,,,
indexerapp,Decoration,Decoration,manuscript,Manuscript,ForeignKey,False,False,,,Manuscripts,,ForeignKey,
indexerapp,Decoration,Decoration,original_or_added,Original Or Added,CharField,True,True,10,ORIGINAL: original | ADDED: added,,,,
indexerapp,Decoration,Decoration,date_of_the_addition,Date Of The Addition,ForeignKey,True,True,,,TimeReference,,ForeignKey,
indexerapp,Decoration,Decoration,content,Content,ForeignKey,True,True,,,Content,,ForeignKey,
indexerapp,Decoration,Decoration,calendar,Calendar,ForeignKey,True,True,,,Calendar,,ForeignKey,
indexerapp,Decoration,Decoration,where_in_ms_from,Where In Ms From,CharField,False,False,32,,,,,
indexerapp,Decoration,Decoration,where_in_ms_to,Where In Ms To,CharField,True,True,32,,,,,
indexerapp,Decoration,Decoration,digital_page_number,Digital Page Number,PositiveIntegerField,True,True,,,,,,
indexerapp,Decoration,Decoration,location_on_the_page,Location On The Page,CharField,True,True,10,WITHIN: within the column | MARGIN: on the margin | IN_TEXT: in the text line,,,,
indexerapp,Decoration,Decoration,decoration_type,Decoration Type,ForeignKey,False,False,,,DecorationTypes,,ForeignKey,
indexerapp,Decoration,Decoration,decoration_subtype,Decoration Subtype,ForeignKey,True,True,,,DecorationTypes,,ForeignKey,
indexerapp,Decoration,Decoration,size_characteristic,Size Characteristic,CharField,True,True,10,SMALL: small | 1LINE: 1-line | 2LINES: 2-lines | 3LINES: 3-lines | 1SYSTEM: 1-system | 2SYSTEMS: 2-systems | LARGE: large | FULL: full page,,,,
indexerapp,Decoration,Decoration,size_height_min,Size Height Min,PositiveIntegerField,True,True,,,,,,
indexerapp,Decoration,Decoration,size_height_max,Size Height Max,PositiveIntegerField,True,True,,,,,,
indexerapp,Decoration,Decoration,size_width_min,Size Width Min,PositiveIntegerField,True,True,,,,,,
indexerapp,Decoration,Decoration,size_width_max,Size Width Max,PositiveIntegerField,True,True,,,,,,
indexerapp,Decoration,Decoration,monochrome_or_colour,Monochrome Or Colour,CharField,True,True,2,M: monochromatic | B: bicolored | C: multicolored,,,,
indexerapp,Decoration,Decoration,technique,Technique,ForeignKey,True,True,,,DecorationTechniques,,ForeignKey,
indexerapp,Decoration,Decoration,ornamented_text,Ornamented Text,CharField,True,True,128,,,,,
indexerapp,Decoration,Decoration,rubric_name_standarized,Rite Name Standarized,ForeignKey,True,True,,,RiteNames,,ForeignKey,
indexerapp,Decoration,Decoration,comments,Comments,TextField,True,True,,,,,,
indexerapp,Decoration,Decoration,entry_date,Entry Date,DateTimeField,False,True,,,,,,
indexerapp,Decoration,Decoration,data_contributor,Data Contributor,ForeignKey,True,True,,,Contributors,,ForeignKey,
indexerapp,Decoration,Decoration,authors,Authors,ManyToManyField,False,True,,,Contributors,,ManyToManyField,
indexerapp,ManuscriptBibliography,Manuscript Bibliography,,,,,,,,,,,
indexerapp,ManuscriptBibliography,Manuscript Bibliography,bibliography,Bibliography,ForeignKey,False,False,,,Bibliography,,ForeignKey,
indexerapp,ManuscriptBibliography,Manuscript Bibliography,manuscript,Manuscript,ForeignKey,False,False,,,Manuscripts,,ForeignKey,
indexerapp,Bibliography,Bibliography,,,,,,,,,,,
indexerapp,Bibliography,Bibliography,title,Title,CharField,False,False,128,,,,,
indexerapp,Bibliography,Bibliography,author,Author,CharField,True,True,128,,,,,
indexerapp,Bibliography,Bibliography,shortname,Shortname,CharField,True,True,5,,,,,
indexerapp,Bibliography,Bibliography,year,Year,IntegerField,True,True,,,,,,
indexerapp,Bibliography,Bibliography,zotero_id,Zotero Id,CharField,True,True,128,,,,,
indexerapp,Bibliography,Bibliography,hierarchy,Hierarchy,IntegerField,True,True,,,,,,
indexerapp,AttributeDebate,Attribute Debate,,,,,,,,,,,
indexerapp,AttributeDebate,Attribute Debate,text,Text,CharField,False,False,256,,,,,
indexerapp,AttributeDebate,Attribute Debate,timestamp,Timestamp,DateTimeField,False,True,,,,,,
indexerapp,AttributeDebate,Attribute Debate,bibliography,Bibliography,ForeignKey,False,False,,,Bibliography,,ForeignKey,
indexerapp,AttributeDebate,Attribute Debate,content_type,Content Type,ForeignKey,False,False,,,ContentType,,ForeignKey,
indexerapp,AttributeDebate,Attribute Debate,object_id,Object Id,PositiveIntegerField,False,False,,,,,,
indexerapp,AttributeDebate,Attribute Debate,field_name,Field Name,CharField,False,False,255,,,,,
indexerapp,AttributeDebate,Attribute Debate,content_object,Content Object,GenericForeignKey,False,False,,,,,Inne,
indexerapp,Condition,Condition,,,,,,,,,,,
indexerapp,Condition,Condition,manuscript,Manuscript,ForeignKey,False,False,,,Manuscripts,,ForeignKey,
indexerapp,Condition,Condition,damage,Damage,CharField,True,True,10,very: very damaged | average: average damaged | slightly: slightly damaged,,,,
indexerapp,Condition,Condition,parchment_shrinkage,Parchment Shrinkage,BooleanField,True,False,,,,,,
indexerapp,Condition,Condition,illegible_text,Illegible Text,BooleanField,True,False,,,,,,
indexerapp,Condition,Condition,ink_corrosion,Ink Corrosion,BooleanField,True,False,,,,,,
indexerapp,Condition,Condition,copper_corrosion,Copper Corrosion,BooleanField,True,False,,,,,,
indexerapp,Condition,Condition,powdering_or_cracking_paint_layer,Powdering Or Cracking Paint Layer,BooleanField,True,False,,,,,,
indexerapp,Condition,Condition,conservation,Conservation,BooleanField,True,False,,,,,,
indexerapp,Condition,Condition,conservation_date,Conservation Date,ForeignKey,True,True,,,TimeReference,,ForeignKey,
indexerapp,Condition,Condition,darkening,Darkening,BooleanField,True,False,,,,,,
indexerapp,Condition,Condition,water_staining,Water Staining,BooleanField,True,False,,,,,,
indexerapp,Condition,Condition,historic_repairs,Historic Repairs,BooleanField,True,False,,,,,,
indexerapp,Condition,Condition,comments,Comments,TextField,True,True,,,,,,
indexerapp,Condition,Condition,entry_date,Entry Date,DateTimeField,False,True,,,,,,
indexerapp,Condition,Condition,data_contributor,Data Contributor,ForeignKey,True,True,,,Contributors,,ForeignKey,
indexerapp,Condition,Condition,authors,Authors,ManyToManyField,False,True,,,Contributors,,ManyToManyField,
indexerapp,EditionContent,Edition Contents,,,,,,,,,,,
indexerapp,EditionContent,Edition Contents,bibliography,Bibliography,ForeignKey,False,False,,,Bibliography,,ForeignKey,
indexerapp,EditionContent,Edition Contents,formula,Formula,ForeignKey,True,True,,,Formulas,,ForeignKey,
indexerapp,EditionContent,Edition Contents,rubric_name_standarized,Rite Name Standarized,ForeignKey,True,True,,,RiteNames,,ForeignKey,
indexerapp,EditionContent,Edition Contents,feast_rubric_sequence,Feast Rite Sequence,DecimalField,True,True,,,,,,
indexerapp,EditionContent,Edition Contents,subsequence,Subsequence,PositiveIntegerField,True,True,,,,,,
indexerapp,EditionContent,Edition Contents,page,Page,PositiveIntegerField,True,True,,,,,,
indexerapp,EditionContent,Edition Contents,function,Function,ForeignKey,True,True,,,ContentFunctions,,ForeignKey,
indexerapp,EditionContent,Edition Contents,subfunction,Subfunction,ForeignKey,True,True,,,ContentFunctions,,ForeignKey,
indexerapp,EditionContent,Edition Contents,entry_date,Entry Date,DateTimeField,False,True,,,,,,
indexerapp,EditionContent,Edition Contents,data_contributor,Data Contributor,ForeignKey,True,True,,,Contributors,,ForeignKey,
indexerapp,EditionContent,Edition Contents,authors,Authors,ManyToManyField,False,True,,,Contributors,,ManyToManyField,
indexerapp,Sections,Sections,,,,,,,,,,,
indexerapp,Sections,Sections,name,Name,CharField,False,False,128,,,,,
indexerapp,Sections,Sections,parent_section,Parent Section,ForeignKey,True,True,,,Sections,,ForeignKey,
indexerapp,ContentFunctions,Content Functions,,,,,,,,,,,
indexerapp,ContentFunctions,Content Functions,name,Name,CharField,False,False,128,,,,,
indexerapp,ContentFunctions,Content Functions,parent_function,Parent Function,ForeignKey,True,True,,,ContentFunctions,,ForeignKey,
indexerapp,Contributors,Contributors,,,,,,,,,,,
indexerapp,Contributors,Contributors,initials,Initials,CharField,False,False,4,,,,,
indexerapp,Contributors,Contributors,first_name,First Name,CharField,False,False,50,,,,,
indexerapp,Contributors,Contributors,last_name,Last Name,CharField,False,False,50,,,,,
indexerapp,Contributors,Contributors,affiliation,Affiliation,CharField,True,True,100,,,,,
indexerapp,Contributors,Contributors,email,Email,CharField,True,True,254,,,,,
indexerapp,Contributors,Contributors,url,Url,CharField,True,True,200,,,,,
indexerapp,UserOpenAIAPIKey,Users Openai Api Keys,,,,,,,,,,,
indexerapp,UserOpenAIAPIKey,Users Openai Api Keys,user,User,OneToOneField,False,False,,,User,,OneToOneField,
indexerapp,UserOpenAIAPIKey,Users Openai Api Keys,api_key,Api Key,CharField,False,False,100,,,,,
indexerapp,Profile,Profiles,,,,,,,,,,,
indexerapp,Profile,Profiles,user,User,OneToOneField,False,False,,,User,,OneToOneField,
indexerapp,Profile,Profiles,edit_mode,Edit Mode,BooleanField,False,False,,,,,,
indexerapp,Content,Content,,,,,,,,,,,
indexerapp,Content,Content,manuscript,Manuscript,ForeignKey,False,False,,,Manuscripts,,ForeignKey,
indexerapp,Content,Content,formula,Formula,ForeignKey,True,True,,,Formulas,,ForeignKey,
indexerapp,Content,Content,rite,Rite,ForeignKey,True,True,,,RiteNames,,ForeignKey,
indexerapp,Content,Content,rubric_name_from_ms,Rite Name From Ms,CharField,True,True,1024,,,,,
indexerapp,Content,Content,subrubric_name_from_ms,Subrite Name From Ms,TextField,True,True,,,,,,
indexerapp,Content,Content,rubric_sequence,Rite Sequence,PositiveIntegerField,True,True,,,,,,
indexerapp,Content,Content,formula_text,Formula Text,TextField,True,True,,,,,,
indexerapp,Content,Content,sequence_in_ms,Sequence In Ms,PositiveIntegerField,True,True,,,,,,
indexerapp,Content,Content,where_in_ms_from,Where In Ms From,CharField,False,False,32,,,,,
indexerapp,Content,Content,where_in_ms_to,Where In Ms To,CharField,True,True,32,,,,,
indexerapp,Content,Content,digital_page_number,Digital Page Number,PositiveIntegerField,True,True,,,,,,
indexerapp,Content,Content,original_or_added,Original Or Added,CharField,True,True,10,ORIGINAL: original | ADDED: added,,,,
indexerapp,Content,Content,liturgical_genre,Liturgical Genre,ForeignKey,True,True,,,LiturgicalGenres,,ForeignKey,
indexerapp,Content,Content,quire,Quire,ForeignKey,True,True,,,Quires,,ForeignKey,
indexerapp,Content,Content,section,Section,ForeignKey,True,True,,,Sections,,ForeignKey,
indexerapp,Content,Content,subsection,Subsection,ForeignKey,True,True,,,Sections,,ForeignKey,
indexerapp,Content,Content,music_notation,Music Notation,ForeignKey,True,True,,,ManuscriptMusicNotations,,ForeignKey,
indexerapp,Content,Content,function,Function,ForeignKey,True,True,,,ContentFunctions,,ForeignKey,
indexerapp,Content,Content,subfunction,Subfunction,ForeignKey,True,True,,,ContentFunctions,,ForeignKey,
indexerapp,Content,Content,biblical_reference,Biblical Reference,CharField,True,True,31,,,,,
indexerapp,Content,Content,reference_to_other_items,Reference To Other Items,CharField,True,True,127,,,,,
indexerapp,Content,Content,similarity_by_user,Similarity By User,CharField,True,True,4,0: the formula not in the editions | 0.5: paraphrase | 1: exact match,,,,
indexerapp,Content,Content,proper_texts,Proper Texts,BooleanField,True,True,,,,,,
indexerapp,Content,Content,similarity_levenshtein,Similarity Levenshtein,FloatField,True,True,,,,,,
indexerapp,Content,Content,similarity_levenshtein_percent,Similarity Levenshtein Percent,FloatField,True,True,,,,,,
indexerapp,Content,Content,entry_date,Entry Date,DateTimeField,False,True,,,,,,
indexerapp,Content,Content,data_contributor,Data Contributor,ForeignKey,True,True,,,Contributors,,ForeignKey,
indexerapp,Content,Content,edition_index,Edition Index,ForeignKey,True,True,,,EditionContent,,ForeignKey,
indexerapp,Content,Content,edition_subindex,Edition Subindex,CharField,True,True,1024,,,,,
indexerapp,Content,Content,comments,Comments,TextField,True,True,,,,,,
indexerapp,Content,Content,text_standarization,Text Standarization,ForeignKey,True,True,,,TextStandarization,,ForeignKey,
indexerapp,Content,Content,layer,Layer,ForeignKey,True,True,,,Layer,,ForeignKey,
indexerapp,Content,Content,mass_hour,Mass Hour,ForeignKey,True,True,,,MassHour,,ForeignKey,
indexerapp,Content,Content,genre,Genre,ForeignKey,True,True,,,Genre,,ForeignKey,
indexerapp,Content,Content,season_month,Season Month,ForeignKey,True,True,,,SeasonMonth,,ForeignKey,
indexerapp,Content,Content,week,Week,ForeignKey,True,True,,,Week,,ForeignKey,
indexerapp,Content,Content,day,Day,ForeignKey,True,True,,,Day,,ForeignKey,
indexerapp,Content,Content,authors,Authors,ManyToManyField,False,True,,,Contributors,,ManyToManyField,
indexerapp,TimeReference,Time References,,,,,,,,,,,
indexerapp,TimeReference,Time References,time_description,Time Description,CharField,False,False,64,,,,,
indexerapp,TimeReference,Time References,century_from,Century From,IntegerField,False,False,,,,,,
indexerapp,TimeReference,Time References,century_to,Century To,IntegerField,False,False,,,,,,
indexerapp,TimeReference,Time References,year_from,Year From,IntegerField,False,False,,,,,,
indexerapp,TimeReference,Time References,year_to,Year To,IntegerField,False,False,,,,,,
indexerapp,LiturgicalGenres,Liturgical Genres,,,,,,,,,,,
indexerapp,LiturgicalGenres,Liturgical Genres,title,Title,CharField,False,False,128,,,,,
indexerapp,LiturgicalGenresNames,Liturgical Genres Names,,,,,,,,,,,
indexerapp,LiturgicalGenresNames,Liturgical Genres Names,genre,Genre,ForeignKey,False,False,,,LiturgicalGenres,,ForeignKey,
indexerapp,LiturgicalGenresNames,Liturgical Genres Names,title,Title,CharField,False,False,128,,,,,
indexerapp,Places,Places,,,,,,,,,,,
indexerapp,Places,Places,longitude,Longitude,FloatField,True,True,,,,,,
indexerapp,Places,Places,latitude,Latitude,FloatField,True,True,,,,,,
indexerapp,Places,Places,place_type,Place Type,CharField,True,True,10,library: library | center: center | scriptory: scriptory | multiple: multiple,,,,
indexerapp,Places,Places,country_today_eng,Country Today Eng,CharField,True,True,64,,,,,
indexerapp,Places,Places,region_today_eng,Region Today Eng,CharField,True,True,64,,,,,
indexerapp,Places,Places,city_today_eng,City Today Eng,CharField,True,True,64,,,,,
indexerapp,Places,Places,repository_today_eng,Repository Today Eng,CharField,True,True,255,,,,,
indexerapp,Places,Places,country_today_local_language,Country Today Local Language,CharField,True,True,64,,,,,
indexerapp,Places,Places,region_today_local_language,Region Today Local Language,CharField,True,True,64,,,,,
indexerapp,Places,Places,city_today_local_language,City Today Local Language,CharField,True,True,64,,,,,
indexerapp,Places,Places,repository_today_local_language,Repository Today Local Language,CharField,True,True,255,,,,,
indexerapp,Places,Places,country_historic_eng,Country Historic Eng,CharField,True,True,64,,,,,
indexerapp,Places,Places,region_historic_eng,Region Historic Eng,CharField,True,True,64,,,,,
indexerapp,Places,Places,city_historic_eng,City Historic Eng,CharField,True,True,64,,,,,
indexerapp,Places,Places,repository_historic_eng,Repository Historic Eng,CharField,True,True,255,,,,,
indexerapp,Places,Places,country_historic_local_language,Country Historic Local Language,CharField,True,True,64,,,,,
indexerapp,Places,Places,region_historic_local_language,Region Historic Local Language,CharField,True,True,64,,,,,
indexerapp,Places,Places,city_historic_local_language,City Historic Local Language,CharField,True,True,64,,,,,
indexerapp,Places,Places,repository_historic_local_language,Repository Historic Local Language,CharField,True,True,255,,,,,
indexerapp,Places,Places,country_historic_latin,Country Historic Latin,CharField,True,True,64,,,,,
indexerapp,Places,Places,region_historic_latin,Region Historic Latin,CharField,True,True,64,,,,,
indexerapp,Places,Places,city_historic_latin,City Historic Latin,CharField,True,True,64,,,,,
indexerapp,Places,Places,repository_historic_latin,Repository Historic Latin,CharField,True,True,255,,,,,
indexerapp,ScriptNames,Script Names,,,,,,,,,,,
indexerapp,ScriptNames,Script Names,name,Name,CharField,False,False,128,,,,,
indexerapp,ImproveOurDataEntry,Improve Our Data Entrys,,,,,,,,,,,
indexerapp,ImproveOurDataEntry,Improve Our Data Entrys,name,Name,CharField,False,False,1024,,,,,
indexerapp,ImproveOurDataEntry,Improve Our Data Entrys,ms_signature,Ms Signature,CharField,False,False,1024,,,,,
indexerapp,ImproveOurDataEntry,Improve Our Data Entrys,email,Email,CharField,True,True,1024,,,,,
indexerapp,ImproveOurDataEntry,Improve Our Data Entrys,message,Message,TextField,False,False,,,,,,
indexerapp,ImproveOurDataEntry,Improve Our Data Entrys,changes_made,Changes Made,BooleanField,True,False,,,,,,
indexerapp,ImproveOurDataEntry,Improve Our Data Entrys,checked_by,Checked By,ForeignKey,True,True,,,Contributors,,ForeignKey,
indexerapp,ImproveOurDataEntry,Improve Our Data Entrys,entry_date,Entry Date,DateTimeField,False,True,,,,,,
indexerapp,Manuscripts,Manuscripts,,,,,,,,,,,
indexerapp,Manuscripts,Manuscripts,name,Name,CharField,False,False,255,,,,,
indexerapp,Manuscripts,Manuscripts,rism_id,Rism Id,CharField,True,True,255,,,,,
indexerapp,Manuscripts,Manuscripts,foreign_id,Foreign Id,CharField,True,True,255,,,,,
indexerapp,Manuscripts,Manuscripts,contemporary_repository_place,Contemporary Repository Place,ForeignKey,True,True,,,Places,,ForeignKey,
indexerapp,Manuscripts,Manuscripts,shelf_mark,Shelf Mark,CharField,True,True,255,,,,,
indexerapp,Manuscripts,Manuscripts,usuarium_shelfmark,Usuarium Shelfmark,CharField,True,True,255,,,,,
indexerapp,Manuscripts,Manuscripts,liturgical_genre_comment,Liturgical Genre Comment,TextField,True,True,,,,,,
indexerapp,Manuscripts,Manuscripts,common_name,Common Name,CharField,True,True,255,,,,,
indexerapp,Manuscripts,Manuscripts,dating,Dating,ForeignKey,True,True,,,TimeReference,,ForeignKey,
indexerapp,Manuscripts,Manuscripts,dating_comment,Dating Comment,TextField,True,True,,,,,,
indexerapp,Manuscripts,Manuscripts,place_of_origin,Place Of Origin,ForeignKey,True,True,,,Places,,ForeignKey,
indexerapp,Manuscripts,Manuscripts,place_of_origin_comment,Place Of Origin Comment,TextField,True,True,,,,,,
indexerapp,Manuscripts,Manuscripts,main_script,Main Script,ForeignKey,True,True,,,ScriptNames,,ForeignKey,
indexerapp,Manuscripts,Manuscripts,how_many_columns_mostly,How Many Columns Mostly,PositiveIntegerField,True,True,,,,,,
indexerapp,Manuscripts,Manuscripts,lines_per_page_usually,Lines Per Page Usually,PositiveIntegerField,True,True,,,,,,
indexerapp,Manuscripts,Manuscripts,how_many_quires,How Many Quires,PositiveIntegerField,True,True,,,,,,
indexerapp,Manuscripts,Manuscripts,quires_comment,Quires Comment,TextField,True,True,,,,,,
indexerapp,Manuscripts,Manuscripts,foliation_or_pagination,Foliation Or Pagination,CharField,True,True,12,FOLIATION: FOLIATION | PAGINATION: PAGINATION,,,,
indexerapp,Manuscripts,Manuscripts,decorated,Decorated,BooleanField,True,False,,,,,,
indexerapp,Manuscripts,Manuscripts,decoration_comments,Decoration Comments,TextField,True,True,,,,,,
indexerapp,Manuscripts,Manuscripts,music_notation,Music Notation,BooleanField,True,False,,,,,,
indexerapp,Manuscripts,Manuscripts,music_notation_comments,Music Notation Comments,TextField,True,True,,,,,,
indexerapp,Manuscripts,Manuscripts,binding_date,Binding Date,ForeignKey,True,True,,,TimeReference,,ForeignKey,
indexerapp,Manuscripts,Manuscripts,binding_place,Binding Place,ForeignKey,True,True,,,Places,,ForeignKey,
indexerapp,Manuscripts,Manuscripts,links,Links,CharField,True,True,1024,,,,,
indexerapp,Manuscripts,Manuscripts,additional_url,Additional Url,CharField,True,True,1024,,,,,
indexerapp,Manuscripts,Manuscripts,iiif_manifest_url,Iiif Manifest Url,CharField,True,True,1024,,,,,
indexerapp,Manuscripts,Manuscripts,image,Image,FileField,True,True,100,,,,,
indexerapp,Manuscripts,Manuscripts,pdf_url,Pdf Url,CharField,True,True,1024,,,,,
indexerapp,Manuscripts,Manuscripts,general_comment,General Comment,TextField,True,True,,,,,,
indexerapp,Manuscripts,Manuscripts,form_of_an_item,Form Of An Item,CharField,True,True,2,C: CODEX | F: FRAGMENT | P: PALIMPSEST | L: LOST ITEM,,,,
indexerapp,Manuscripts,Manuscripts,connected_ms,Connected Ms,TextField,True,True,,,,,,
indexerapp,Manuscripts,Manuscripts,where_in_connected_ms,Where In Connected Ms,TextField,True,True,,,,,,
indexerapp,Manuscripts,Manuscripts,display_as_main,Display As Main,BooleanField,True,False,,,,,,
indexerapp,Manuscripts,Manuscripts,entry_date,Entry Date,DateTimeField,False,True,,,,,,
indexerapp,Manuscripts,Manuscripts,data_contributor,Data Contributor,ForeignKey,True,True,,,Contributors,,ForeignKey,
indexerapp,Manuscripts,Manuscripts,authors,Authors,ManyToManyField,False,True,,,Contributors,,ManyToManyField,
indexerapp,Projects,Projects,,,,,,,,,,,
indexerapp,Projects,Projects,name,Name,CharField,False,False,64,,,,,
indexerapp,MSProjects,Manuscript Projects,,,,,,,,,,,
indexerapp,MSProjects,Manuscript Projects,manuscript,Manuscript,ForeignKey,False,False,,,Manuscripts,,ForeignKey,
indexerapp,MSProjects,Manuscript Projects,project,Project,ForeignKey,False,False,,,Projects,,ForeignKey,
indexerapp,Clla,Clla,,,,,,,,,,,
indexerapp,Clla,Clla,manuscript,Manuscript,ForeignKey,False,False,,,Manuscripts,,ForeignKey,
indexerapp,Clla,Clla,clla_no,Clla No,CharField,True,True,255,,,,,
indexerapp,Clla,Clla,liturgical_genre,Liturgical Genre,CharField,True,True,512,,,,,
indexerapp,Clla,Clla,dating,Dating,ForeignKey,True,True,,,TimeReference,,ForeignKey,
indexerapp,Clla,Clla,dating_comment,Dating Comment,TextField,True,True,,,,,,
indexerapp,Clla,Clla,provenance,Provenance,CharField,True,True,512,,,,,
indexerapp,Clla,Clla,provenance_comment,Provenance Comment,TextField,True,True,,,,,,
indexerapp,Clla,Clla,comment,Comment,TextField,True,True,,,,,,
indexerapp,Clla,Clla,authors,Authors,CharField,True,True,128,,,,,
indexerapp,Clla,Clla,data_contributor,Data Contributor,CharField,True,True,512,,,,,
indexerapp,Layouts,Layouts,,,,,,,,,,,
indexerapp,Layouts,Layouts,manuscript,Manuscript,ForeignKey,False,False,,,Manuscripts,,ForeignKey,
indexerapp,Layouts,Layouts,name,Name,CharField,True,True,32,,,,,
indexerapp,Layouts,Layouts,where_in_ms_from,Where In Ms From,CharField,False,False,32,,,,,
indexerapp,Layouts,Layouts,where_in_ms_to,Where In Ms To,CharField,True,True,32,,,,,
indexerapp,Layouts,Layouts,digital_page_number,Digital Page Number,PositiveIntegerField,True,True,,,,,,
indexerapp,Layouts,Layouts,how_many_columns,How Many Columns,PositiveIntegerField,True,True,,,,,,
indexerapp,Layouts,Layouts,lines_per_page_maximum,Lines Per Page Maximum,PositiveIntegerField,True,True,,,,,,
indexerapp,Layouts,Layouts,lines_per_page_minimum,Lines Per Page Minimum,PositiveIntegerField,True,True,,,,,,
indexerapp,Layouts,Layouts,written_space_height_max,Written Space Height Max,PositiveIntegerField,True,True,,,,,,
indexerapp,Layouts,Layouts,written_space_width_max,Written Space Width Max,PositiveIntegerField,True,True,,,,,,
indexerapp,Layouts,Layouts,ruling_method,Ruling Method,CharField,True,True,16,blind-point: blind-point | board: board | ink: ink | lead-point: lead-point | rake: rake | rake-lead: rake (lead-point) | rake-ink: rake (ink) | rake-lead-ink: rake (lead-point and ink),,,,
indexerapp,Layouts,Layouts,written_above_the_top_line,Written Above The Top Line,BooleanField,True,False,,,,,,
indexerapp,Layouts,Layouts,pricking,Pricking,CharField,True,True,10,yes: yes | no: no | partially: partially,,,,
indexerapp,Layouts,Layouts,distance_between_horizontal_ruling,Distance Between Horizontal Ruling,CharField,True,True,255,,,,,
indexerapp,Layouts,Layouts,distance_between_vertical_ruling,Distance Between Vertical Ruling,CharField,True,True,255,,,,,
indexerapp,Layouts,Layouts,layout_links,Layout Links,CharField,True,True,1024,,,,,
indexerapp,Layouts,Layouts,graph_img,Graph Img,FileField,True,True,100,,,,,
indexerapp,Layouts,Layouts,comments,Comments,TextField,True,True,,,,,,
indexerapp,Layouts,Layouts,entry_date,Entry Date,DateTimeField,False,True,,,,,,
indexerapp,Layouts,Layouts,data_contributor,Data Contributor,ForeignKey,True,True,,,Contributors,,ForeignKey,
indexerapp,Layouts,Layouts,authors,Authors,ManyToManyField,False,True,,,Contributors,,ManyToManyField,
indexerapp,Codicology,Codicology And Paleography,,,,,,,,,,,
indexerapp,Codicology,Codicology And Paleography,manuscript,Manuscript,ForeignKey,False,False,,,Manuscripts,,ForeignKey,
indexerapp,Codicology,Codicology And Paleography,number_of_parchment_folios,Number Of Parchment Folios,IntegerField,True,True,,,,,,
indexerapp,Codicology,Codicology And Paleography,number_of_paper_leaves,Number Of Paper Leaves,IntegerField,True,True,,,,,,
indexerapp,Codicology,Codicology And Paleography,page_size_max_height,Page Size Max Height,PositiveIntegerField,True,True,,,,,,
indexerapp,Codicology,Codicology And Paleography,page_size_max_width,Page Size Max Width,PositiveIntegerField,True,True,,,,,,
indexerapp,Codicology,Codicology And Paleography,parchment_thickness_min,Parchment Thickness Min,DecimalField,True,True,,,,,,
indexerapp,Codicology,Codicology And Paleography,parchment_thickness_max,Parchment Thickness Max,DecimalField,True,True,,,,,,
indexerapp,Codicology,Codicology And Paleography,parchment_colour,Parchment Colour,ForeignKey,True,True,,,Colours,,ForeignKey,
indexerapp,Codicology,Codicology And Paleography,parchment_comment,Parchment Comment,TextField,True,True,,,,,,
indexerapp,Codicology,Codicology And Paleography,paper_size_max_height,Paper Size Max Height,PositiveIntegerField,True,True,,,,,,
indexerapp,Codicology,Codicology And Paleography,paper_size_max_width,Paper Size Max Width,PositiveIntegerField,True,True,,,,,,
indexerapp,Codicology,Codicology And Paleography,watermarks,Watermarks,BooleanField,True,False,,,,,,
indexerapp,Codicology,Codicology And Paleography,foliation_comment,Foliation Comment,TextField,True,True,,,,,,
indexerapp,Codicology,Codicology And Paleography,entry_date,Entry Date,DateTimeField,False,True,,,,,,
indexerapp,Codicology,Codicology And Paleography,data_contributor,Data Contributor,ForeignKey,True,True,,,Contributors,,ForeignKey,
indexerapp,Codicology,Codicology And Paleography,authors,Authors,ManyToManyField,False,True,,,Contributors,,ManyToManyField,
indexerapp,Quires,Quires,,,,,,,,,,,
indexerapp,Quires,Quires,manuscript,Manuscript,ForeignKey,False,False,,,Manuscripts,,ForeignKey,
indexerapp,Quires,Quires,sequence_of_the_quire,Sequence Of The Quire,PositiveIntegerField,False,False,,,,,,
indexerapp,Quires,Quires,type_of_the_quire,Type Of The Quire,CharField,False,False,12,bifolium: bifolium | binion: binion | ternion: ternion | quaternion: quaternion | quinternion: quinternion | seksternion: seksternion | septernion: septernion | okternion: okternion,,,,
indexerapp,Quires,Quires,where_in_ms_from,Where In Ms From,CharField,False,False,32,,,,,
indexerapp,Quires,Quires,where_in_ms_to,Where In Ms To,CharField,True,True,32,,,,,
indexerapp,Quires,Quires,digital_page_number,Digital Page Number,PositiveIntegerField,True,True,,,,,,
indexerapp,Quires,Quires,graph_img,Graph Img,FileField,True,True,100,,,,,
indexerapp,Quires,Quires,material,Material,CharField,True,True,10,parchment: parchment | paper: paper quire,,,,
indexerapp,Quires,Quires,comment,Comment,TextField,True,True,,,,,,
indexerapp,Quires,Quires,entry_date,Entry Date,DateTimeField,False,True,,,,,,
indexerapp,Quires,Quires,data_contributor,Data Contributor,ForeignKey,True,True,,,Contributors,,ForeignKey,
indexerapp,Quires,Quires,authors,Authors,ManyToManyField,False,True,,,Contributors,,ManyToManyField,
indexerapp,Watermarks,Watermarks,,,,,,,,,,,
indexerapp,Watermarks,Watermarks,name,Name,CharField,False,False,255,,,,,
indexerapp,Watermarks,Watermarks,external_id,External Id,IntegerField,True,True,,,,,,
indexerapp,Watermarks,Watermarks,watermark_img,Watermark Img,FileField,True,True,100,,,,,
indexerapp,Watermarks,Watermarks,comment,Comment,TextField,True,True,,,,,,
indexerapp,Watermarks,Watermarks,entry_date,Entry Date,DateTimeField,False,True,,,,,,
indexerapp,Watermarks,Watermarks,data_contributor,Data Contributor,ForeignKey,True,True,,,Contributors,,ForeignKey,
indexerapp,Watermarks,Watermarks,authors,Authors,ManyToManyField,False,True,,,Contributors,,ManyToManyField,
indexerapp,MusicNotationNames,Music Notation Names,,,,,,,,,,,
indexerapp,MusicNotationNames,Music Notation Names,name,Name,CharField,False,False,50,,,,,
indexerapp,ManuscriptMusicNotations,Manuscript Music Notations,,,,,,,,,,,
indexerapp,ManuscriptMusicNotations,Manuscript Music Notations,manuscript,Manuscript,ForeignKey,False,False,,,Manuscripts,,ForeignKey,
indexerapp,ManuscriptMusicNotations,Manuscript Music Notations,music_notation_name,Music Notation Name,ForeignKey,False,False,,,MusicNotationNames,,ForeignKey,
indexerapp,ManuscriptMusicNotations,Manuscript Music Notations,sequence_in_ms,Sequence In Ms,PositiveIntegerField,False,False,,,,,,
indexerapp,ManuscriptMusicNotations,Manuscript Music Notations,where_in_ms_from,Where In Ms From,CharField,False,False,32,,,,,
indexerapp,ManuscriptMusicNotations,Manuscript Music Notations,where_in_ms_to,Where In Ms To,CharField,True,True,32,,,,,
indexerapp,ManuscriptMusicNotations,Manuscript Music Notations,digital_page_number,Digital Page Number,PositiveIntegerField,True,True,,,,,,
indexerapp,ManuscriptMusicNotations,Manuscript Music Notations,dating,Dating,ForeignKey,True,True,,,TimeReference,,ForeignKey,
indexerapp,ManuscriptMusicNotations,Manuscript Music Notations,original,Original,BooleanField,True,False,,,,,,
indexerapp,ManuscriptMusicNotations,Manuscript Music Notations,on_lines,On Lines,BooleanField,True,False,,,,,,
indexerapp,ManuscriptMusicNotations,Manuscript Music Notations,music_custos,Music Custos,BooleanField,True,False,,,,,,
indexerapp,ManuscriptMusicNotations,Manuscript Music Notations,number_of_lines,Number Of Lines,PositiveIntegerField,True,True,,,,,,
indexerapp,ManuscriptMusicNotations,Manuscript Music Notations,comment,Comment,TextField,True,True,,,,,,
indexerapp,ManuscriptMusicNotations,Manuscript Music Notations,entry_date,Entry Date,DateTimeField,False,True,,,,,,
indexerapp,ManuscriptMusicNotations,Manuscript Music Notations,data_contributor,Data Contributor,ForeignKey,True,True,,,Contributors,,ForeignKey,
indexerapp,ManuscriptMusicNotations,Manuscript Music Notations,authors,Authors,ManyToManyField,False,True,,,Contributors,,ManyToManyField,
indexerapp,Origins,Origins And Datings,,,,,,,,,,,
indexerapp,Origins,Origins And Datings,manuscript,Manuscript,ForeignKey,False,False,,,Manuscripts,,ForeignKey,
indexerapp,Origins,Origins And Datings,origins_date,Origins Date,ForeignKey,True,True,,,TimeReference,,ForeignKey,
indexerapp,Origins,Origins And Datings,origins_place,Origins Place,ForeignKey,True,False,,,Places,,ForeignKey,
indexerapp,Origins,Origins And Datings,origins_comment,Origins Comment,TextField,True,True,,,,,,
indexerapp,Origins,Origins And Datings,provenance_comments,Provenance Comments,TextField,True,True,,,,,,
indexerapp,Origins,Origins And Datings,entry_date,Entry Date,DateTimeField,False,True,,,,,,
indexerapp,Origins,Origins And Datings,data_contributor,Data Contributor,ForeignKey,True,True,,,Contributors,,ForeignKey,
indexerapp,Origins,Origins And Datings,authors,Authors,ManyToManyField,False,True,,,Contributors,,ManyToManyField,
indexerapp,Provenance,Provenance,,,,,,,,,,,
indexerapp,Provenance,Provenance,manuscript,Manuscript,ForeignKey,False,False,,,Manuscripts,,ForeignKey,
indexerapp,Provenance,Provenance,date_from,Date From,ForeignKey,True,True,,,TimeReference,,ForeignKey,
indexerapp,Provenance,Provenance,date_to,Date To,ForeignKey,True,True,,,TimeReference,,ForeignKey,
indexerapp,Provenance,Provenance,place,Place,ForeignKey,True,False,,,Places,,ForeignKey,
indexerapp,Provenance,Provenance,timeline_sequence,Timeline Sequence,PositiveIntegerField,False,False,,,,,,
indexerapp,Provenance,Provenance,comment,Comment,TextField,True,True,,,,,,
indexerapp,Provenance,Provenance,entry_date,Entry Date,DateTimeField,False,True,,,,,,
indexerapp,Provenance,Provenance,data_contributor,Data Contributor,ForeignKey,True,True,,,Contributors,,ForeignKey,
indexerapp,Provenance,Provenance,authors,Authors,ManyToManyField,False,True,,,Contributors,,ManyToManyField,
indexerapp,BindingTypes,Binding Types,,,,,,,,,,,
indexerapp,BindingTypes,Binding Types,name,Name,CharField,False,False,64,,,,,
indexerapp,BindingStyles,Binding Styles,,,,,,,,,,,
indexerapp,BindingStyles,Binding Styles,name,Name,CharField,False,False,64,,,,,
indexerapp,BindingMaterials,Binding Materials,,,,,,,,,,,
indexerapp,BindingMaterials,Binding Materials,name,Name,CharField,False,False,64,,,,,
indexerapp,ManuscriptBindingMaterials,Manuscript Binding Materials,,,,,,,,,,,
indexerapp,ManuscriptBindingMaterials,Manuscript Binding Materials,manuscript,Manuscript,ForeignKey,False,False,,,Manuscripts,,ForeignKey,
indexerapp,ManuscriptBindingMaterials,Manuscript Binding Materials,material,Material,ForeignKey,False,False,,,BindingMaterials,,ForeignKey,
indexerapp,BindingDecorationTypes,Binding Decoration Types,,,,,,,,,,,
indexerapp,BindingDecorationTypes,Binding Decoration Types,name,Name,CharField,False,False,64,,,,,
indexerapp,ManuscriptBindingDecorations,Manuscript Binding Decorations,,,,,,,,,,,
indexerapp,ManuscriptBindingDecorations,Manuscript Binding Decorations,manuscript,Manuscript,ForeignKey,False,False,,,Manuscripts,,ForeignKey,
indexerapp,ManuscriptBindingDecorations,Manuscript Binding Decorations,decoration,Decoration,ForeignKey,False,False,,,BindingDecorationTypes,,ForeignKey,
indexerapp,BindingComponents,Binding Components,,,,,,,,,,,
indexerapp,BindingComponents,Binding Components,name,Name,CharField,False,False,64,,,,,
indexerapp,ManuscriptBindingComponents,Manuscript Binding Components,,,,,,,,,,,
indexerapp,ManuscriptBindingComponents,Manuscript Binding Components,manuscript,Manuscript,ForeignKey,False,False,,,Manuscripts,,ForeignKey,
indexerapp,ManuscriptBindingComponents,Manuscript Binding Components,component,Component,ForeignKey,False,False,,,BindingComponents,,ForeignKey,
indexerapp,Binding,Bindings,,,,,,,,,,,
indexerapp,Binding,Bindings,manuscript,Manuscript,ForeignKey,False,False,,,Manuscripts,,ForeignKey,
indexerapp,Binding,Bindings,max_height,Max Height,PositiveIntegerField,True,True,,,,,,
indexerapp,Binding,Bindings,max_width,Max Width,PositiveIntegerField,True,True,,,,,,
indexerapp,Binding,Bindings,block_max,Block Max,PositiveIntegerField,True,True,,,,,,
indexerapp,Binding,Bindings,date,Date,ForeignKey,True,True,,,TimeReference,,ForeignKey,
indexerapp,Binding,Bindings,place_of_origin,Place Of Origin,ForeignKey,True,True,,,Places,,ForeignKey,
indexerapp,Binding,Bindings,type_of_binding,Type Of Binding,ForeignKey,True,False,,,BindingTypes,,ForeignKey,
indexerapp,Binding,Bindings,style_of_binding,Style Of Binding,ForeignKey,True,False,,,BindingStyles,,ForeignKey,
indexerapp,Binding,Bindings,category,Category,CharField,True,True,12,original: original | early: early modern | historical: historical rebinding | conservation: conservation binding | restored: restored binding,,,,
indexerapp,Binding,Bindings,decoration_comment,Decoration Comment,TextField,True,True,,,,,,
indexerapp,Binding,Bindings,general_comments,General Comments,TextField,True,True,,,,,,
indexerapp,Binding,Bindings,characteristic_of_components,Characteristic Of Components,TextField,True,True,,,,,,
indexerapp,Binding,Bindings,entry_date,Entry Date,DateTimeField,False,True,,,,,,
indexerapp,Binding,Bindings,data_contributor,Data Contributor,ForeignKey,True,True,,,Contributors,,ForeignKey,
indexerapp,Binding,Bindings,authors,Authors,ManyToManyField,False,True,,,Contributors,,ManyToManyField,
indexerapp,Hands,Hands,,,,,,,,,,,
indexerapp,Hands,Hands,rism,Rism,CharField,True,True,50,,,,,
indexerapp,Hands,Hands,dating,Dating,ForeignKey,True,True,,,TimeReference,,ForeignKey,
indexerapp,Hands,Hands,name,Name,CharField,True,True,64,,,,,
indexerapp,Hands,Hands,is_identified,Is Identified,BooleanField,True,False,,,,,,
indexerapp,ManuscriptHands,Manuscript Hands,,,,,,,,,,,
indexerapp,ManuscriptHands,Manuscript Hands,manuscript,Manuscript,ForeignKey,False,False,,,Manuscripts,,ForeignKey,
indexerapp,ManuscriptHands,Manuscript Hands,hand,Hand,ForeignKey,False,False,,,Hands,,ForeignKey,
indexerapp,ManuscriptHands,Manuscript Hands,script_name,Script Name,ForeignKey,False,False,,,ScriptNames,,ForeignKey,
indexerapp,ManuscriptHands,Manuscript Hands,hand_name_in_ms,Hand Name In Ms,CharField,True,True,255,,,,,
indexerapp,ManuscriptHands,Manuscript Hands,sequence_in_ms,Sequence In Ms,PositiveIntegerField,False,False,,,,,,
indexerapp,ManuscriptHands,Manuscript Hands,where_in_ms_from,Where In Ms From,CharField,False,False,32,,,,,
indexerapp,ManuscriptHands,Manuscript Hands,where_in_ms_to,Where In Ms To,CharField,True,True,32,,,,,
indexerapp,ManuscriptHands,Manuscript Hands,digital_page_number,Digital Page Number,PositiveIntegerField,True,True,,,,,,
indexerapp,ManuscriptHands,Manuscript Hands,is_range_interrupted,Is Range Interrupted,BooleanField,False,False,,,,,,
indexerapp,ManuscriptHands,Manuscript Hands,is_medieval,Is Medieval,BooleanField,True,False,,,,,,
indexerapp,ManuscriptHands,Manuscript Hands,is_main_text,Is Main Text,BooleanField,True,False,,,,,,
indexerapp,ManuscriptHands,Manuscript Hands,dating,Dating,ForeignKey,True,True,,,TimeReference,,ForeignKey,
indexerapp,ManuscriptHands,Manuscript Hands,comment,Comment,TextField,True,True,,,,,,
indexerapp,ManuscriptHands,Manuscript Hands,entry_date,Entry Date,DateTimeField,False,True,,,,,,
indexerapp,ManuscriptHands,Manuscript Hands,data_contributor,Data Contributor,ForeignKey,True,True,,,Contributors,,ForeignKey,
indexerapp,ManuscriptHands,Manuscript Hands,authors,Authors,ManyToManyField,False,True,,,Contributors,,ManyToManyField,
indexerapp,ManuscriptWatermarks,Manuscript Watermarks,,,,,,,,,,,
indexerapp,ManuscriptWatermarks,Manuscript Watermarks,manuscript,Manuscript,ForeignKey,False,False,,,Manuscripts,,ForeignKey,
indexerapp,ManuscriptWatermarks,Manuscript Watermarks,watermark,Watermark,ForeignKey,False,False,,,Watermarks,,ForeignKey,
indexerapp,ManuscriptWatermarks,Manuscript Watermarks,where_in_manuscript,Where In Manuscript,CharField,False,False,255,,,,,
indexerapp,Traditions,Traditions,,,,,,,,,,,
indexerapp,Traditions,Traditions,name,Name,CharField,False,False,100,,,,,
indexerapp,Traditions,Traditions,color_rgb,Color Rgb,CharField,True,True,8,,,,,
indexerapp,Traditions,Traditions,genre,Genre,ForeignKey,True,True,,,LiturgicalGenres,,ForeignKey,
indexerapp,Formulas,Formulas,,,,,,,,,,,
indexerapp,Formulas,Formulas,co_no,Co No,CharField,False,False,50,,,,,
indexerapp,Formulas,Formulas,text,Text,TextField,True,True,,,,,,
indexerapp,Formulas,Formulas,translation_en,Translation En,TextField,True,True,,,,,,
indexerapp,Formulas,Formulas,translation_pl,Translation Pl,TextField,True,True,,,,,,
indexerapp,Formulas,Formulas,tradition,Tradition,ManyToManyField,False,True,,,Traditions,,ManyToManyField,
indexerapp,ManuscriptGenres,Manuscript Genres,,,,,,,,,,,
indexerapp,ManuscriptGenres,Manuscript Genres,manuscript,Manuscript,ForeignKey,False,False,,,Manuscripts,,ForeignKey,
indexerapp,ManuscriptGenres,Manuscript Genres,genre,Genre,ForeignKey,False,False,,,LiturgicalGenres,,ForeignKey,
indexerapp,RiteNames,Rite Names Standarized,,,,,,,,,,,
indexerapp,RiteNames,Rite Names Standarized,name,Name,CharField,False,False,128,,,,,
indexerapp,RiteNames,Rite Names Standarized,english_translation,English Translation,CharField,True,True,128,,,,,
indexerapp,RiteNames,Rite Names Standarized,section,Section,ForeignKey,True,True,,,Sections,,ForeignKey,
indexerapp,RiteNames,Rite Names Standarized,votive,Votive,BooleanField,True,False,,,,,,
indexerapp,RiteNames,Rite Names Standarized,ceremony,Ceremony,ForeignKey,True,True,,,Ceremony,,ForeignKey,
indexerapp,Type,Types,,,,,,,,,,,
indexerapp,Type,Types,short_name,Short Name,CharField,False,False,8,,,,,
indexerapp,Type,Types,name,Name,CharField,False,False,16,,,,,
indexerapp,SeasonMonth,Seasons/Months,,,,,,,,,,,
indexerapp,SeasonMonth,Seasons/Months,short_name,Short Name,CharField,False,False,4,,,,,
indexerapp,SeasonMonth,Seasons/Months,name,Name,CharField,False,False,30,,,,,
indexerapp,SeasonMonth,Seasons/Months,kind,Kind,CharField,True,True,12,S: season | M: month,,,,
indexerapp,SeasonMonth,Seasons/Months,types,Types,ManyToManyField,False,True,,,Type,,ManyToManyField,
indexerapp,Week,Weeks,,,,,,,,,,,
indexerapp,Week,Weeks,short_name,Short Name,CharField,False,False,4,,,,,
indexerapp,Week,Weeks,name,Name,CharField,False,False,75,,,,,
indexerapp,Week,Weeks,types,Types,ManyToManyField,False,True,,,Type,,ManyToManyField,
indexerapp,Day,Days,,,,,,,,,,,
indexerapp,Day,Days,part,Part,CharField,True,True,2,T: temporal | S: sanctoral,,,,
indexerapp,Day,Days,short_name,Short Name,CharField,False,False,4,,,,,
indexerapp,Day,Days,name,Name,CharField,False,False,65,,,,,
indexerapp,Day,Days,types,Types,ManyToManyField,False,True,,,Type,,ManyToManyField,
indexerapp,MassHour,Mass/Hours,,,,,,,,,,,
indexerapp,MassHour,Mass/Hours,short_name,Short Name,CharField,False,False,4,,,,,
indexerapp,MassHour,Mass/Hours,name,Name,CharField,False,False,80,,,,,
indexerapp,MassHour,Mass/Hours,type,Type,ForeignKey,True,True,,,Type,,ForeignKey,
indexerapp,Layer,Layers,,,,,,,,,,,
indexerapp,Layer,Layers,short_name,Short Name,CharField,False,False,4,,,,,
indexerapp,Layer,Layers,name,Name,CharField,False,False,30,,,,,
indexerapp,Genre,Genres,,,,,,,,,,,
indexerapp,Genre,Genres,short_name,Short Name,CharField,False,False,28,,,,,
indexerapp,Genre,Genres,name,Name,CharField,False,False,100,,,,,
indexerapp,Genre,Genres,types,Types,ManyToManyField,False,True,,,Type,,ManyToManyField,
indexerapp,Genre,Genres,layers,Layers,ManyToManyField,False,True,,,Layer,,ManyToManyField,
indexerapp,Topic,Topics,,,,,,,,,,,
indexerapp,Topic,Topics,name,Name,CharField,True,True,64,,,,,
indexerapp,Topic,Topics,section,Section,ForeignKey,True,True,,,Sections,,ForeignKey,
indexerapp,Topic,Topics,votive,Votive,BooleanField,True,False,,,,,,
indexerapp,Topic,Topics,parent,Parent,ForeignKey,True,True,,,Topic,,ForeignKey,
indexerapp,Ceremony,Ceremonies,,,,,,,,,,,
indexerapp,Ceremony,Ceremonies,name,Name,CharField,True,True,40,,,,,
indexerapp,Ceremony,Ceremonies,latin_keywords,Latin Keywords,CharField,False,True,400,,,,,
indexerapp,Ceremony,Ceremonies,short_description,Short Description,TextField,False,True,,,,,,
indexerapp,ContentTopic,Content Topics,,,,,,,,,,,
indexerapp,ContentTopic,Content Topics,content,Content,ForeignKey,False,False,,,Content,,ForeignKey,
indexerapp,ContentTopic,Content Topics,topic,Topic,ForeignKey,False,False,,,Topic,,ForeignKey,
indexerapp,TextStandarization,Text Standarizations,,,,,,,,,,,
indexerapp,TextStandarization,Text Standarizations,usu_id,Usu Id,CharField,True,True,10,,,,,
indexerapp,TextStandarization,Text Standarizations,cantus_id,Cantus Id,CharField,True,True,10,,,,,
indexerapp,TextStandarization,Text Standarizations,co_no,Co No,CharField,True,True,10,,,,,
indexerapp,TextStandarization,Text Standarizations,formula,Formula,ForeignKey,True,True,,,Formulas,,ForeignKey,
indexerapp,TextStandarization,Text Standarizations,standard_incipit,Standard Incipit,CharField,True,True,64,,,,,
indexerapp,TextStandarization,Text Standarizations,standard_full_text,Standard Full Text,TextField,True,True,,,,,,
indexerapp,AIQuery,Ai Querys,,,,,,,,,,,
indexerapp,AIQuery,Ai Querys,user,User,ForeignKey,False,False,,,User,,ForeignKey,
indexerapp,AIQuery,Ai Querys,project_id,Project Id,IntegerField,False,False,,,,,,
indexerapp,AIQuery,Ai Querys,question,Question,TextField,False,False,,,,,,
indexerapp,AIQuery,Ai Querys,status,Status,CharField,False,False,20,,,,,
indexerapp,AIQuery,Ai Querys,created_at,Created At,DateTimeField,False,True,,,,,,
indexerapp,AIQuery,Ai Querys,updated_at,Updated At,DateTimeField,False,True,,,,,,
indexerapp,AIQuery,Ai Querys,conversation,Conversation,TextField,False,False,,,,,,
indexerapp,AIQuery,Ai Querys,result,Result,TextField,False,False,,,,,,
indexerapp,AIQuery,Ai Querys,error,Error,TextField,False,False,,,,,,
indexerapp,AIQuery,Ai Querys,execution_time,Execution Time,FloatField,False,False,,,,,,
data_browser,View,Views,,,,,,,,,,,
data_browser,View,Views,id,Id,CharField,False,False,12,,,,,
data_browser,View,Views,created_time,Created Time,DateTimeField,False,False,,,,,,
data_browser,View,Views,name,Name,CharField,False,False,64,,,,,
data_browser,View,Views,description,Description,TextField,False,True,,,,,,
data_browser,View,Views,folder,Folder,CharField,False,True,64,,,,,
data_browser,View,Views,owner,Owner,ForeignKey,True,True,,,User,,ForeignKey,
data_browser,View,Views,public,Public,BooleanField,False,False,,,,,,
data_browser,View,Views,public_slug,Public Slug,CharField,False,False,12,,,,,
data_browser,View,Views,shared,Shared,BooleanField,False,False,,,,,,
data_browser,View,Views,model_name,Model Name,CharField,False,False,64,,,,,
data_browser,View,Views,fields,Fields,TextField,False,True,,,,,,
data_browser,View,Views,query,Query,TextField,False,True,,,,,,
data_browser,View,Views,limit,Limit,IntegerField,False,False,,,,,,
captcha,CaptchaStore,Captcha Stores,,,,,,,,,,,
captcha,CaptchaStore,Captcha Stores,id,Id,AutoField,False,True,,,,,,
captcha,CaptchaStore,Captcha Stores,challenge,Challenge,CharField,False,False,32,,,,,
captcha,CaptchaStore,Captcha Stores,response,Response,CharField,False,False,32,,,,,
captcha,CaptchaStore,Captcha Stores,hashkey,Hashkey,CharField,False,False,40,,,,,
captcha,CaptchaStore,Captcha Stores,expiration,Expiration,DateTimeField,False,False,,,,,,
